Title,Slug,URL,Category,Build Type/Short Desc,Year,IMO,Flag,Class,Water Depth,Leg Length,Deck Area,Crane Capacity,POB,DWT,Bollard Pull,Helideck
QMS Conquest,qms-conquest,https://zmiglobal.com/fleet/qms-conquest/,Self-Propelled Jack up Barge,Self-Propelled Jack up Barge,2011,9567855,Panama,ABS,65,97.53 m | 97.5,1100 m2,1 X 226.8MT,160,847.07,,22.2 m
Dixie Patriot,dixie-patriot,https://zmiglobal.com/fleet/dixie-patriot/,Self-Propelled Jack up Barge,Self-Propelled Jack up Barge,2003,8765694,Panama,DNV,60.9,85.34 m | 85.3,"1,020 m2",1 X 182MT,135,362.46,,17 m
QMS Achiever,qms-achiever,https://zmiglobal.com/fleet/qms-achiever/,Self-Propelled Jack up Barge,Self-Propelled Jack up Barge,2017,9769946,Panama,ABS,80,107.00 m excluding spud cans | 110,"1,950 m2",2 X 190T,250,3954.88,,22.2 m
QMS Al Bahia,qms-al-bahia,https://zmiglobal.com/fleet/qms-al-bahia/,Self-Propelled Jack up Barge,Self-Propelled Jack up Barge,2018,9828041,Panama,ABS,60,88.50 m excluding spud cans | 90,"1,500 m2",1 X 190T,150,1650,,22.2 m
QMS Al Maryah,qms-al-maryah,https://zmiglobal.com/fleet/qms-al-maryah/,Self-Propelled Jack up Barge,Self-Propelled Jack up Barge,2018,9828039,Panama,ABS,60,88.50 m excluding spud cans | 90,"1,500 m2",1 X 190T,150,1650,,22.2 m
QMS Al Oula,qms-al-oula,https://zmiglobal.com/fleet/qms-al-oula/,Self-Propelled Jack up Barge,Self-Propelled Jack up Barge,2010,8770558,Panama,ABS,65,97.53 m | 97.5,"1,100 m2",1 X 181MT,160,847.07,,22.2 m
QMS Al Shahama,qms-al-shahama,https://zmiglobal.com/fleet/qms-al-shahama/,Self-Propelled Jack up Barge,Self-Propelled Jack up Barge,2018,9804502,St. Vincent & the Grenadines,ABS,60,90.00 m excluding spud cans | 91.5,"1,500 m2",1 X 190T,150,1625.7,,22.2 m
QMS Al Shahama II,qms-al-shahama-ii,https://zmiglobal.com/fleet/qms-al-shahama-ii/,Self-Propelled Jack up Barge,Self-Propelled Jack up Barge,2019,9828077,Panama,ABS,60,88.50 m excluding spud cans | 90,"1,500 m2",1 X 190T,150,1650,,22.2 m
QMS Bani Yas,qms-bani-yas,https://zmiglobal.com/fleet/qms-bani-yas/,Self-Propelled Jack up Barge,Self-Propelled Jack up Barge,2019,9828065,Panama,ABS,60,88.50 m excluding spud cans | 90,"1,500 m2",1 X 190T,150,1650,,22.2 m
QMS Constructor,qms-constructor,https://zmiglobal.com/fleet/qms-constructor/,Self-Propelled Jack up Barge,Self-Propelled Jack up Barge,2014,9702962,Panama,ABS,60,90.00 m excluding spud cans | 91.5,"1,500 m2",1 X 190T,150,1669.18,,22 m
QMS Gladiator,qms-gladiator,https://zmiglobal.com/fleet/qms-gladiator/,Self-Propelled Jack up Barge,Self-Propelled Jack up Barge,2017,9769960,Panama,ABS,80,107.00 m excluding spud cans | 110,"1,950 m2",1 X 400T,250,3913.86,,22.2 m
QMS Gloria,qms-gloria,https://zmiglobal.com/fleet/qms-gloria/,Self-Propelled Jack up Barge,Self-Propelled Jack up Barge,2012,9609782,Panama,ABS,65,97.53 m | 97.5,"1,100 m2",1 X 226.8MT,180,1095,,22.2 m
QMS Lulwa,qms-lulwa,https://zmiglobal.com/fleet/qms-lulwa/,Self-Propelled Jack up Barge,Self-Propelled Jack up Barge,2014,9702297,Panama,ABS,60,90.00 m excluding spud cans | 91.5,"1,500 m2",1 X 190T,150,1693.25,,22.2 m
QMS Marwa,qms-marwa,https://zmiglobal.com/fleet/qms-marwa/,Self-Propelled Jack up Barge,Self-Propelled Jack up Barge,2019,9788643,Panama,DNV,70,94.20 m | 94.2,"1,035 m2",1 X 300MT,150,1382,,22.2 m
QMS Nouf,qms-nouf,https://zmiglobal.com/fleet/qms-nouf/,Self-Propelled Jack up Barge,Self-Propelled Jack up Barge,2019,9787742,Panama,DNV-GL,73,103.78 m excluding spud cans | 106.7,"1,100 m2",1 X 100T,173,1760.9,,22.2 m
QMS Omar,qms-omar,https://zmiglobal.com/fleet/qms-omar/,Self-Propelled Jack up Barge,Self-Propelled Jack up Barge,2019,9787730,St. Vincent & the Grenadines,DNV-GL,73,103.78 m excluding spud cans | 106.7,"1,100 m2",1 X 100T,191,1728.9,,22.2 m
QMS Pearl,qms-pearl,https://zmiglobal.com/fleet/qms-pearl/,Self-Propelled Jack up Barge,Self-Propelled Jack up Barge,2016,9770218,St. Vincent & the Grenadines,ABS,60,90.00 m excluding spud cans | 91.6,"1,500 m2",1 X 190T,150,1663.6,,17.46 m
QMS Pride,qms-pride,https://zmiglobal.com/fleet/qms-pride/,Self-Propelled Jack up Barge,Self-Propelled Jack up Barge,2016,9770220,St. Vincent & the Grenadines,ABS,60,90.00 m excluding spud cans | 91.6,"1,500 m2",1 X 190T,150,1610.4,,17.46 m
QMS Sentinel,qms-sentinel,https://zmiglobal.com/fleet/qms-sentinel/,Self-Propelled Jack up Barge,Self-Propelled Jack up Barge,2017,9769958,Panama,ABS,80,107.00 m excluding spud cans | 110,"1,950 m2",2 X 300T,250,3757.1,,22.2 m
QMS Supporter,qms-supporter,https://zmiglobal.com/fleet/qms-supporter/,Self-Propelled Jack up Barge,Self-Propelled Jack up Barge,2016,9770206,St. Vincent & the Grenadines,ABS,60,90.00 m excluding spud cans | 91.6,"1,500 m2",1 X 190T,150,1669.18,,17.46 m
QMS Surprise II,qms-surprise-ii,https://zmiglobal.com/fleet/qms-surprise-ii/,Self-Propelled Jack up Barge,Self-Propelled Jack up Barge,-,9814325,St. Vincent & the Grenadines,ABS,60,90.00 m excluding spud cans | 91.5,"1,500 m2",1 X 190T,342,1625.7,,22.2 m
QMS Surprise XI,qms-surprise-xi,https://zmiglobal.com/fleet/qms-surprise-xi/,Self-Propelled Jack up Barge,Self-Propelled Jack up Barge,2019,9726994,Panama,DNV,60,90.00 m | 91.5,"1,500 m2",1 X 200MT,300,N/A,,22.2 m
QMS Adventure,qms-adventure,https://zmiglobal.com/fleet/qms-adventure/,OSV (Offshore Support Vessel),OSV (Offshore Support Vessel),2012,9641209,St. Vincent and the Grenadines,ABS,,,350,25 t -9 m / 12 t-18 m,48,1339,-,
QMS Cardinal,qms-cardinal,https://zmiglobal.com/fleet/qms-cardinal/,AHTS (Anchor Handling Tug Supply),AHTS (Anchor Handling Tug Supply),2015,9690717,St. Vincent and the Grenadines,ABS,,,480,N/A,50,2495,81,
QMS Delta,qms-delta,https://zmiglobal.com/fleet/qms-delta/,AHTS (Anchor Handling Tug Supply),AHTS (Anchor Handling Tug Supply),2014,9698496,St. Vincent and the Grenadines,ABS,,,480,N/A,50,2580,85,
QMS Huracan,qms-huracan,https://zmiglobal.com/fleet/qms-huracan/,OSV (Offshore Support Vessel),OSV (Offshore Support Vessel),2015,9750115,St. Vincent and the Grenadines,ABS,,,500,51 MT Pedestal Crane- North Pacific,68,1570,-,
QMS Mariachi,qms-mariachi,https://zmiglobal.com/fleet/qms-mariachi/,AHTS (Anchor Handling Tug Supply),AHTS (Anchor Handling Tug Supply),2014,9649330,St. Vincent and the Grenadines,ABS,,,480,Electro hydraulic 5.0T x 15m working radius 7.5T x 5M WORKING RADIIUS FOR PROVISION & 1.65t FOR RESCUE DAVIT,50,2017,95,
QMS Marimba,qms-marimba,https://zmiglobal.com/fleet/qms-marimba/,AHTS (Anchor Handling Tug Supply),AHTS (Anchor Handling Tug Supply),2015,9750098,St. Vincent and the Grenadines,ABS,,,350,Electro hydraulic telescoping deck cran SWL 3 Ton @ 15 M radius,17,2570,92,
QMS Neptune,qms-neptune,https://zmiglobal.com/fleet/qms-neptune/,AHTS (Anchor Handling Tug Supply),AHTS (Anchor Handling Tug Supply),2014,9698501,St. Vincent and the Grenadines,ABS,,,350,"Provision Crane , 3 T, 12 mtrs",50,2580,85,
QMS Paraiso,qms-paraiso,https://zmiglobal.com/fleet/qms-paraiso/,MPSV (Multipurpose Supply Vessels),MPSV (Multipurpose Supply Vessels),2015,9750127,St. Vincent and the Grenadines,ABS,,,500,25T @ 11.3M,17,1657,-,
QMS Poseidon,qms-poseidon,https://zmiglobal.com/fleet/qms-poseidon/,MPSV (Multipurpose Supply Vessels),MPSV (Multipurpose Supply Vessels),2015,9774939,St. Vincent and the Grenadines,ABS,,,500,51 T @ 12 M,84,1604,-,
Sea Conquest,sea-conquest,https://zmiglobal.com/fleet/sea-conquest/,MPSV (Multipurpose Supply Vessels),MPSV (Multipurpose Supply Vessels),2013,9690963,St. Vincent and the Grenadines,ABS,,,370,MAIN BLOCK-60T-4.6M,84,1679,-,
Sea Hawk,sea-hawk,https://zmiglobal.com/fleet/sea-hawk/,MPSV (Multipurpose Supply Vessels),MPSV (Multipurpose Supply Vessels),2012,9662681,St. Vincent and the Grenadines,BV,,,375,50T-MODEL T180TM-33M-REACH FROM boat side 3.5m 0.0 angell 15.3t,13,1348,-,
Sea Princess,sea-princess,https://zmiglobal.com/fleet/sea-princess/,AHT (Anchor Handling Tug),AHT (Anchor Handling Tug),2011,9628025,St. Vincent and the Grenadines,BV,,,122,N/A,12,471,45,
Zakher Admiral,zakher-admiral,https://zmiglobal.com/fleet/zakher-admiral/,DSV (Diving Support Vessel),DSV (Diving Support Vessel),2007,9434280,St. Vincent and the Grenadines,BV,,,201,8 MTRS,24,746,-,
Zakher Alpha,zakher-alpha,https://zmiglobal.com/fleet/zakher-alpha/,AHTS (Anchor Handling Tug Supply),AHTS (Anchor Handling Tug Supply),2012,9640865,St. Vincent and the Grenadines,BV,,,370,N/A,42,1250,65,
Zakher Amazon,zakher-amazon,https://zmiglobal.com/fleet/zakher-amazon/,AHTS (Anchor Handling Tug Supply),AHTS (Anchor Handling Tug Supply),2011,9582219,St. Vincent and the Grenadines,ABS,,,370,"PALFINGER SYSTEM TYPE PK32080/M/D NR.1540367 MPA 30 , SWL : 0.9 T @14.0 m",15,1351,66,
Zakher Commander,zakher-commander,https://zmiglobal.com/fleet/zakher-commander/,AHTS (Anchor Handling Tug Supply),AHTS (Anchor Handling Tug Supply),2009,9535890,St. Vincent and the Grenadines,ABS,,,370,"1 x Hydraulic telescopic powered deckmounted offshore pedestal crane, 1 T @ 8m",15,1749,70,
Zakher Crest,zakher-crest,https://zmiglobal.com/fleet/zakher-crest/,AHTS (Anchor Handling Tug Supply),AHTS (Anchor Handling Tug Supply),2009,9545194,St. Vincent and the Grenadines,BV,,,320,2.2 Ton,38,1281,72,
Zakher Delmon,zakher-delmon,https://zmiglobal.com/fleet/zakher-delmon/,AHTS (Anchor Handling Tug Supply),AHTS (Anchor Handling Tug Supply),2005,9309318,Panama,BV,,,250,"Electro-Hydraulic offshore Boom DeckCrane, 2 tonnes @ 3-10 m",37,988,52,
Zakher Dolphin,zakher-dolphin,https://zmiglobal.com/fleet/zakher-dolphin/,DSV (Diving Support Vessel),DSV (Diving Support Vessel),2006,9387475,St. Vincent and the Grenadines,ABS,,,110,ELECTRIC HYDRAULIC OPERATED OFFSHORE PEDESTAL CRANE WITH TELESCOPEC BOOM 4.00 T @ 6.0 M RADIUS,30,488,-,
Zakher Emperor,zakher-emperor,https://zmiglobal.com/fleet/zakher-emperor/,AHTS (Anchor Handling Tug Supply),AHTS (Anchor Handling Tug Supply),2009,9535888,St. Vincent and the Grenadines,ABS,,,280,N/A,48,1785,64,
Zakher Falcon,zakher-falcon,https://zmiglobal.com/fleet/zakher-falcon/,AHT (Anchor Handling Tug),AHT (Anchor Handling Tug),2009,9545895,St. Vincent and the Grenadines,BV,,,180,1 x electro hydraulic marine type telescopic pedestal mounted crane 2 TON/10m,26,939,55,
Zakher Force,zakher-force,https://zmiglobal.com/fleet/zakher-force/,AHT (Anchor Handling Tug),AHT (Anchor Handling Tug),2010,9549889,St. Vincent and the Grenadines,BV,,,225,SWL 18T @ 3m ; SWL 5T @ 10.5-3m,32,813,63,
Zakher Ocean,zakher-ocean,https://zmiglobal.com/fleet/zakher-ocean/,OSV (Offshore Support Vessel),OSV (Offshore Support Vessel),2006,9385180,Panama,BV,,,250,"1 x ELECTRO HYDRAULIC JIB TYPE CRANE 1.0 TON @ 15M RADIUS , 3 TON @ 5M",15,673,50,
Zakher Pelican,zakher-pelican,https://zmiglobal.com/fleet/zakher-pelican/,MPSV (Multipurpose Supply Vessels),MPSV (Multipurpose Supply Vessels),2009,9544956,St. Vincent and the Grenadines,ABS,,,340,HYDRAULIC ELECTRIC TELESCOPIC PEDESTAL CRANE MODEL NO 180 TM 30 M MAX CAPACITY 50 TONS @ 3 MTRS RADIOUS WITH 10.1 MTRS BOOM LENGTH WITH 8 FALLS & AUX SWL 10 T @ 3-12.2 MTRS RADIOUS WITH 2 FALLS,58,1010,-,
Zakher Pioneer,zakher-pioneer,https://zmiglobal.com/fleet/zakher-pioneer/,MPSV (Multipurpose Supply Vessels),MPSV (Multipurpose Supply Vessels),2009,9544968,St. Vincent and the Grenadines,ABS,,,340,50 mt @3 mtr,58,827,-,
Zakher Power,zakher-power,https://zmiglobal.com/fleet/zakher-power/,AHTS (Anchor Handling Tug Supply),AHTS (Anchor Handling Tug Supply),2010,9583275,St. Vincent and the Grenadines,BV,,,285,2T x 10m ME2T-10MCRN-100,14,1269,76,
Zakher Provider,zakher-provider,https://zmiglobal.com/fleet/zakher-provider/,AHTS (Anchor Handling Tug Supply),AHTS (Anchor Handling Tug Supply),2018,9614414,St. Vincent and the Grenadines,ABS,,,370,N/A,23,1683,74,
Zakher Queen,zakher-queen,https://zmiglobal.com/fleet/zakher-queen/,AHT (Anchor Handling Tug),AHT (Anchor Handling Tug),2005,9337535,St. Vincent and the Grenadines,BV,,,178,N/A,22,401,40,
Zakher Spirit,zakher-spirit,https://zmiglobal.com/fleet/zakher-spirit/,AHTS (Anchor Handling Tug Supply),AHTS (Anchor Handling Tug Supply),2010,9549877,St. Vincent and the Grenadines,BV,,,225,N/A,14,816,69,
Zakher Star,zakher-star,https://zmiglobal.com/fleet/zakher-star/,AHTS (Anchor Handling Tug Supply),AHTS (Anchor Handling Tug Supply),2011,9583287,St. Vincent and the Grenadines,BV,,,300,N/A,15,1260,62,
Zakher Supplier,zakher-supplier,https://zmiglobal.com/fleet/zakher-supplier/,AHTS (Anchor Handling Tug Supply),AHTS (Anchor Handling Tug Supply),2009,9545247,Panama,BV,,,350,"PEDESTAL CRANE, 2T @ 8.5m",42,1262,63,
Zakher Victory,zakher-victory,https://zmiglobal.com/fleet/zakher-victory/,MPSV (Multipurpose Supply Vessels),MPSV (Multipurpose Supply Vessels),2004,9314399,Panama,ABS,,,250,"max radius: 32.5 mtr/0.26 ton, min radius: 3 mtr/8.6 ton",21,1120,-,
Zakher Prince,zakher-prince,https://zmiglobal.com/fleet/zakher-prince/,AHT (Anchor Handling Tug),AHT (Anchor Handling Tug),2002,9274719,St. Vincent and the Grenadines,ABS,,,150,N/A,14,321,38,
Zakher King,zakher-king,https://zmiglobal.com/fleet/zakher-king/,AHT (Anchor Handling Tug),AHT (Anchor Handling Tug),2004,9314698,St. Vincent and the Grenadines,ABS,,,150,N/A,12,317,46,
Zakher Hope,zakher-hope,https://zmiglobal.com/fleet/zakher-hope/,AHT (Anchor Handling Tug),AHT (Anchor Handling Tug),2006,9398852,St. Vincent and the Grenadines,ABS,,,105,"1 Ton @15m, 3 Ton@5m",12,281,49,
Zakher Eagle,zakher-eagle,https://zmiglobal.com/fleet/zakher-eagle/,OSV (Offshore Support Vessel),OSV (Offshore Support Vessel),2008,9488463,St. Vincent and the Grenadines,ABS,,,350,1 x Electro-hydraulic 2 TON KNUCKLE BOOM,13,1223,-,
Zakher Duty,zakher-duty,https://zmiglobal.com/fleet/zakher-duty/,DSV (Diving Support Vessel),DSV (Diving Support Vessel),2009,9545235,Panama,BV,,,300,40 TON @3.0 mtr. RADIUS (MAIN- ON BOARD LIFT)/ 6.8 TON @ 12.2mtr. RADIUS (Aux. onboard lift),31,1106,-,
QMS Subhiyah,qms-subhiyah,https://zmiglobal.com/fleet/qms-subhiyah/,313 POB,313 POB,2014,9675420,Panama,ABS,79.2,137.25 m | 137.25,"1,350 m2",1 X 181.4MT,313,1585,,22.2 m
Venus 2,venus-2,https://zmiglobal.com/fleet/venus-2/,,,2020,9812731,REPUBLIC OF PANAMA,ABS,60,94.2 | 94.2,1035 M2,,150,"1,445",,D= 22.20 M
TRITON P,triton-p,https://zmiglobal.com/fleet/triton-p/,Offshore Support Vessel,Offshore Support Vessel,2013,9630145,St. Vincent and the Grenadines,ABS,,,380,PROVISION PEDESTAL MOUNTED TELESCOPIC BOOM ELECTRIC HYDRAULIC CRANE 3 T @3 M TO 16 M ON SINGLE PART,17,1700,-,
Hea Al Sarab,hea-al-sarab,https://zmiglobal.com/fleet/hea-al-sarab/,"268 POB , Self-Elevating Unit","268 POB , Self-Elevating Unit",2025,1046025,Panama,ABS,55 m / 30 m,84 m | 84 m,800 m2,1 x 100 T,268,1215.97 t,,17 m
Pesto 4502,pesto-4502,https://zmiglobal.com/fleet/pesto-4502/,"151 POB SELF-PROPELLED, SELF-ELEVATING BARGE","151 POB SELF-PROPELLED, SELF-ELEVATING BARGE",2005,9759367,Panama,ABS,50 m,74.44 m excluding spud cans | 74.44 m excluding spud cans,800 m²,1 x 45 mT,151,871,,17.46 m
Pili Pili 4503,pili-pili-4503,https://zmiglobal.com/fleet/pili-pili-4503/,"151 POB, Self-propelled, Self-elevating Unit","151 POB, Self-propelled, Self-elevating Unit",2017,9776298,Panama,ABS,44.56 m,75.76 (excluding spudcans) | 75.76 (excluding spudcans),800,1 x 45 mT,151,995.50,,17
Kinoa 4307,kinoa-4307,https://zmiglobal.com/fleet/kinoa-4307/,"151 POB, Self-propelled, Self-elevating Unit","151 POB, Self-propelled, Self-elevating Unit",2012,9609380,Panama,ABS,45 m,66 m excluding spud cans | 66 m excluding spud cans,550 m² (22m x 25m),1 x 45 mT,151,658.08T,,17.4m
Pandan 4502,pandan-4502,https://zmiglobal.com/fleet/pandan-4502/,"247 POB Self-propelled, Self-elevating unit","247 POB Self-propelled, Self-elevating unit",2020,9795373,PANAMA,ABS,50 m,75.78 m | 75.78 m,800 m²,1 X 75 MT,151,937.31 mt,,18 m
HEA Titan,hea-titan,https://zmiglobal.com/fleet/hea-titan/,,,2018,9803170,PANAMA,ABS,50m,4 PILE LEGS X 85 M | 4 PILE LEGS X 85 M,2500 M2,,304,3600 T,,22.2 M
Venus 1,venus-1,https://zmiglobal.com/fleet/venus-1/,,,2019,9812729,Panama,ABS,60,94.2 | 94.2,1035 M2,,150,"1,445",,D= 22.20 M
Suhail,suhail,https://zmiglobal.com/fleet/suhail/,,,2023,9807607,PANAMA,ABS,55,5.95 m | 5.95 m,950 m2,,150 POB,1206.6 t,,"22 D , 12.6 t"
Senyar,senyar,https://zmiglobal.com/fleet/senyar/,,,2023,9807619,Panama,ABS,55,5.95 m | 5.95 m,950 m2,,150 POB,1206.6 t,,"22 D , 12.6 t"
HEA Dhafeer,hea-dhafeer,https://zmiglobal.com/fleet/hea-dhafeer/,"150 POB N/A, Self-Elevating Unit","150 POB N/A, Self-Elevating Unit",2024,1032660,Panama,ABS,53 m,85.80 m | 85.80 m,800 m2,1 x 100T 1x 20T,150,"1,107",,16.63
HEA Al Khatem,hea-al-khatem,https://zmiglobal.com/fleet/hea-al-khatem/,"150 POB Self-Propelled, Non-DP, Self-Elevating Unit","150 POB Self-Propelled, Non-DP, Self-Elevating Unit",2024,1032658,Panama,ABS,55 m,84 m | 84 m,800 m2,1 x 100T 1x 20T,150,"1,107",,16.63 m
HEA Al Muzn,hea-al-muzn,https://zmiglobal.com/fleet/hea-al-muzn/,"192 POB, Self-Elevating Accommodation Unit","192 POB, Self-Elevating Accommodation Unit",2025,1046013,Panama,ABS,55 m,84 m | 84 m,abt. 800,1 X 100T,144,"1,239.64",,17 m
Al Ghweifat,al-ghweifat,https://zmiglobal.com/fleet/al-ghweifat/,"126 POB , Self-Elevating Offshore Support Unit","126 POB , Self-Elevating Offshore Support Unit",1999,8764717,UAE,DNV-GL,40.5 m,61.7 m | 61.7 m,,1 x 190.8T,126,,,19 m
HEA Kraken,hea-kraken,https://zmiglobal.com/fleet/hea-kraken/,"262 POB, DP2, Self Elevating Unit","262 POB, DP2, Self Elevating Unit",2009,9522207,Panama,ABS,41,84.8 M | 84.8 M,appr. 950 m²,1 X 230 MT,262,"1,590",,22.2 m
HEA Hydra,hea-hydra,https://zmiglobal.com/fleet/hea-hydra/,"140 POB , Self-Elevating Offshore Support Unit","140 POB , Self-Elevating Offshore Support Unit",2014,9669093,Panama,ABS,41,Approx. 84.80 m | Approx. 84.80 m,Approx 550 - 600 m2,"KENZ, 1 x 400 MT",140,"1,682",,"22 D , 12.6 t"
